title,year,imdbID,type,poster
The Shawshank Redemption,1994,tt0111161,movie,https://m.media-amazon.com/images/M/MV5BMDFkYTc0MGEtZmNhMC00ZDIzLWFmNTEtODM1ZmRlYWMwMWFmXkEyXkFqcGdeQXVyMTMxODk2OTU@._V1_SX300.jpg
The Godfather,1972,tt0068646,movie,https://m.media-amazon.com/images/M/MV5BM2MyNjYxNmUtYTAwNi00MTYxLWJmNWYtYzZlODY3ZTk3OTFlXkEyXkFqcGdeQXVyNzkwMjQ5NzM@._V1_SX300.jpg
The Godfather: Part II,1974,tt0071562,movie,https://m.media-amazon.com/images/M/MV5BMWMwMGQzZTItY2JlNC00OWZiLWIyMDctNDk2ZDQ2YjRjMWQ0XkEyXkFqcGdeQXVyNzkwMjQ5NzM@._V1_SX300.jpg
The Dark Knight,2008,tt0468569,movie,https://m.media-amazon.com/images/M/MV5BMTMxNTMwODM0NF5BMl5BanBnXkFtZTcwODAyMTk2Mw@@._V1_SX300.jpg
12 Angry Men,1957,tt0050083,movie,https://m.media-amazon.com/images/M/MV5BMWU4N2FjNzYtNTVkNC00NzQ0LTg0MjAtYTJlMjFhNGUxZDFmXkEyXkFqcGdeQXVyNjc1NTYyMjg@._V1_SX300.jpg
Schindler's List,1993,tt0108052,movie,https://m.media-amazon.com/images/M/MV5BNDE4OTMxMTctNmRhYy00NWE2LTg3YzItYTk3M2UwOTU5Njg4XkEyXkFqcGdeQXVyNjU0OTQ0OTY@._V1_SX300.jpg
The Lord of the Rings: The Return of the King,2003,tt0167260,movie,https://m.media-amazon.com/images/M/MV5BNzA5ZDNlZWMtM2NhNS00NDJjLTk4NDItYTRmY2EwMWZlMTY3XkEyXkFqcGdeQXVyNzkwMjQ5NzM@._V1_SX300.jpg
Pulp Fiction,1994,tt0110912,movie,https://m.media-amazon.com/images/M/MV5BNGNhMDIzZTUtNTBlZi00MTRlLWFjM2ItYzViMjE3YzI5MjljXkEyXkFqcGdeQXVyNzkwMjQ5NzM@._V1_SX300.jpg
"Il Maestro: Ennio Morricone and 'The Good, the Bad and the Ugly'",2004,tt0399174,movie,N/A
The Lord of the Rings: The Fellowship of the Ring,2001,tt0120737,movie,https://m.media-amazon.com/images/M/MV5BN2EyZjM3NzUtNWUzMi00MTgxLWI0NTctMzY4M2VlOTdjZWRiXkEyXkFqcGdeQXVyNDUzOTQ5MjY@._V1_SX300.jpg
Fight Club,1999,tt0137523,movie,https://m.media-amazon.com/images/M/MV5BMmEzNTkxYjQtZTc0MC00YTVjLTg5ZTEtZWMwOWVlYzY0NWIwXkEyXkFqcGdeQXVyNzkwMjQ5NzM@._V1_SX300.jpg
Forrest Gump,1994,tt0109830,movie,https://m.media-amazon.com/images/M/MV5BNWIwODRlZTUtY2U3ZS00Yzg1LWJhNzYtMmZiYmEyNmU1NjMzXkEyXkFqcGdeQXVyMTQxNzMzNDI@._V1_SX300.jpg
Inception,2010,tt1375666,movie,https://m.media-amazon.com/images/M/MV5BMjAxMzY3NjcxNF5BMl5BanBnXkFtZTcwNTI5OTM0Mw@@._V1_SX300.jpg
The Lord of the Rings: The Two Towers,2002,tt0167261,movie,https://m.media-amazon.com/images/M/MV5BZGMxZTdjZmYtMmE2Ni00ZTdkLWI5NTgtNjlmMjBiNzU2MmI5XkEyXkFqcGdeQXVyNjU0OTQ0OTY@._V1_SX300.jpg
The Matrix,1999,tt0133093,movie,https://m.media-amazon.com/images/M/MV5BNzQzOTk3OTAtNDQ0Zi00ZTVkLWI0MTEtMDllZjNkYzNjNTc4L2ltYWdlXkEyXkFqcGdeQXVyNjU0OTQ0OTY@._V1_SX300.jpg
Goodfellas,1990,tt0099685,movie,https://m.media-amazon.com/images/M/MV5BY2NkZjEzMDgtN2RjYy00YzM1LWI4ZmQtMjIwYjFjNmI3ZGEwXkEyXkFqcGdeQXVyNzkwMjQ5NzM@._V1_SX300.jpg
One Flew Over the Cuckoo's Nest,1975,tt0073486,movie,https://m.media-amazon.com/images/M/MV5BZjA0OWVhOTAtYWQxNi00YzNhLWI4ZjYtNjFjZTEyYjJlNDVlL2ltYWdlL2ltYWdlXkEyXkFqcGdeQXVyMTQxNzMzNDI@._V1_SX300.jpg
Seven Samurai: Origins and Influences,2006,tt1444326,movie,https://m.media-amazon.com/images/M/MV5BNGE1NzFmMWEtNTYwNi00NTU2LThlYmUtNDI5MzQwODc3MGU0XkEyXkFqcGdeQXVyMjA5NjIxNDU@._V1_SX300.jpg
Se7en,1995,tt0114369,movie,https://m.media-amazon.com/images/M/MV5BOTUwODM5MTctZjczMi00OTk4LTg3NWUtNmVhMTAzNTNjYjcyXkEyXkFqcGdeQXVyNjU0OTQ0OTY@._V1_SX300.jpg
The Silence of the Lambs,1991,tt0102926,movie,https://m.media-amazon.com/images/M/MV5BNjNhZTk0ZmEtNjJhMi00YzFlLWE1MmEtYzM1M2ZmMGMwMTU4XkEyXkFqcGdeQXVyNjU0OTQ0OTY@._V1_SX300.jpg
City of God,2011,tt1854518,movie,https://m.media-amazon.com/images/M/MV5BNjVlYzFhZWUtYzIxMi00NTVlLTgwZTMtOTU4MWI4MDI3NDFjXkEyXkFqcGdeQXVyMjkxNzQ1NDI@._V1_SX300.jpg
Life Is Beautiful,2012,tt2298990,movie,https://m.media-amazon.com/images/M/MV5BNGE0MWU2YmQtMzI0NS00OTRjLWE0MzktNWJkMjY2YWNiMjg0XkEyXkFqcGdeQXVyMzY4MzU5NDE@._V1_SX300.jpg
It's a Wonderful Life,1946,tt0038650,movie,https://m.media-amazon.com/images/M/MV5BZjc4NDZhZWMtNGEzYS00ZWU2LThlM2ItNTA0YzQ0OTExMTE2XkEyXkFqcGdeQXVyNjUwMzI2NzU@._V1_SX300.jpg
Saving Private Ryan,1998,tt0120815,movie,https://m.media-amazon.com/images/M/MV5BZjhkMDM4MWItZTVjOC00ZDRhLThmYTAtM2I5NzBmNmNlMzI1XkEyXkFqcGdeQXVyNDYyMDk5MTU@._V1_SX300.jpg
Interstellar,2014,tt0816692,movie,https://m.media-amazon.com/images/M/MV5BZjdkOTU3MDktN2IxOS00OGEyLWFmMjktY2FiMmZkNWIyODZiXkEyXkFqcGdeQXVyMTMxODk2OTU@._V1_SX300.jpg
The Art of 'Spirited Away',2003,tt0371545,movie,N/A
The Green Mile,1999,tt0120689,movie,https://m.media-amazon.com/images/M/MV5BMTUxMzQyNjA5MF5BMl5BanBnXkFtZTYwOTU2NTY3._V1_SX300.jpg
Parasite,1982,tt0084472,movie,https://m.media-amazon.com/images/M/MV5BMTFlZDVjMDMtODkwNS00MTM3LWJiMzQtY2IxN2JiNWZjMWUxXkEyXkFqcGdeQXVyMTQxNzMzNDI@._V1_SX300.jpg
Jean Reno on Leon: The Professional,2014,tt6679098,movie,N/A
Hara Kiri,2016,tt4010204,movie,https://m.media-amazon.com/images/M/MV5BZGZhYjg2ZjAtY2QyYS00ZmYwLWI3MzMtOTlmZGFjYzFmNDgzXkEyXkFqcGdeQXVyMjQ3NzE4ODc@._V1_SX300.jpg
The Pianist,2002,tt0253474,movie,https://m.media-amazon.com/images/M/MV5BOWRiZDIxZjktMTA1NC00MDQ2LWEzMjUtMTliZmY3NjQ3ODJiXkEyXkFqcGdeQXVyNjU0OTQ0OTY@._V1_SX300.jpg
The Usual Suspects,1995,tt0114814,movie,https://m.media-amazon.com/images/M/MV5BYTViNjMyNmUtNDFkNC00ZDRlLThmMDUtZDU2YWE4NGI2ZjVmXkEyXkFqcGdeQXVyNjU0OTQ0OTY@._V1_SX300.jpg
Terminator 2: Judgment Day,1991,tt0103064,movie,https://m.media-amazon.com/images/M/MV5BMGU2NzRmZjUtOGUxYS00ZjdjLWEwZWItY2NlM2JhNjkxNTFmXkEyXkFqcGdeQXVyNjU0OTQ0OTY@._V1_SX300.jpg
Back to the Future,1985,tt0088763,movie,https://m.media-amazon.com/images/M/MV5BZmU0M2Y1OGUtZjIxNi00ZjBkLTg1MjgtOWIyNThiZWIwYjRiXkEyXkFqcGdeQXVyMTQxNzMzNDI@._V1_SX300.jpg
Psycho,1960,tt0054215,movie,https://m.media-amazon.com/images/M/MV5BNTQwNDM1YzItNDAxZC00NWY2LTk0M2UtNDIwNWI5OGUyNWUxXkEyXkFqcGdeQXVyNzkwMjQ5NzM@._V1_SX300.jpg
The Lion King,1994,tt0110357,movie,https://m.media-amazon.com/images/M/MV5BYTYxNGMyZTYtMjE3MS00MzNjLWFjNmYtMDk3N2FmM2JiM2M1XkEyXkFqcGdeQXVyNjY5NDU4NzI@._V1_SX300.jpg
Modern Times,1936,tt0027977,movie,https://m.media-amazon.com/images/M/MV5BYjJiZjMzYzktNjU0NS00OTkxLWEwYzItYzdhYWJjN2QzMTRlL2ltYWdlL2ltYWdlXkEyXkFqcGdeQXVyNjU0OTQ0OTY@._V1_SX300.jpg
American History X,1998,tt0120586,movie,https://m.media-amazon.com/images/M/MV5BZTJhN2FkYWEtMGI0My00YWM4LWI2MjAtM2UwNjY4MTI2ZTQyXkEyXkFqcGdeQXVyNjc3MjQzNTI@._V1_SX300.jpg
City Lights,1931,tt0021749,movie,https://m.media-amazon.com/images/M/MV5BY2I4MmM1N2EtM2YzOS00OWUzLTkzYzctNDc5NDg2N2IyODJmXkEyXkFqcGdeQXVyNzkwMjQ5NzM@._V1_SX300.jpg
Grave of the Fireflies,2005,tt0491652,movie,https://m.media-amazon.com/images/M/MV5BMjk3ZDdhMTUtZWRlYS00MjQyLWIzNDUtZjYwNmZmYWNiMWFlXkEyXkFqcGdeQXVyNDY3MTQwMzk@._V1_SX300.jpg
Whiplash,2014,tt2582802,movie,https://m.media-amazon.com/images/M/MV5BOTA5NDZlZGUtMjAxOS00YTRkLTkwYmMtYWQ0NWEwZDZiNjEzXkEyXkFqcGdeQXVyMTMxODk2OTU@._V1_SX300.jpg
Gladiator,2000,tt0172495,movie,https://m.media-amazon.com/images/M/MV5BMDliMmNhNDEtODUyOS00MjNlLTgxODEtN2U3NzIxMGVkZTA1L2ltYWdlXkEyXkFqcGdeQXVyNjU0OTQ0OTY@._V1_SX300.jpg
The Departed,2006,tt0407887,movie,https://m.media-amazon.com/images/M/MV5BMTI1MTY2OTIxNV5BMl5BanBnXkFtZTYwNjQ4NjY3._V1_SX300.jpg
The Prestige,2006,tt0482571,movie,https://m.media-amazon.com/images/M/MV5BMjA4NDI0MTIxNF5BMl5BanBnXkFtZTYwNTM0MzY2._V1_SX300.jpg
Casablanca,1942,tt0034583,movie,https://m.media-amazon.com/images/M/MV5BY2IzZGY2YmEtYzljNS00NTM5LTgwMzUtMzM1NjQ4NGI0OTk0XkEyXkFqcGdeQXVyNDYyMDk5MTU@._V1_SX300.jpg
Once Upon a Time in the West Bank,2010,tt1913090,movie,N/A
Rear Window,1954,tt0047396,movie,https://m.media-amazon.com/images/M/MV5BNGUxYWM3M2MtMGM3Mi00ZmRiLWE0NGQtZjE5ODI2OTJhNTU0XkEyXkFqcGdeQXVyMTQxNzMzNDI@._V1_SX300.jpg
Nuovo Cinema Paradiso,1988,tt0095765,movie,https://m.media-amazon.com/images/M/MV5BM2FhYjEyYmYtMDI1Yy00YTdlLWI2NWQtYmEzNzAxOGY1NjY2XkEyXkFqcGdeQXVyNTA3NTIyNDg@._V1_SX300.jpg
Alien,1979,tt0078748,movie,https://m.media-amazon.com/images/M/MV5BMmQ2MmU3NzktZjAxOC00ZDZhLTk4YzEtMDMyMzcxY2IwMDAyXkEyXkFqcGdeQXVyNzkwMjQ5NzM@._V1_SX300.jpg
Apocalypse Now,1979,tt0078788,movie,https://m.media-amazon.com/images/M/MV5BMDdhODg0MjYtYzBiOS00ZmI5LWEwZGYtZDEyNDU4MmQyNzFkXkEyXkFqcGdeQXVyNzkwMjQ5NzM@._V1_SX300.jpg
Memento,2000,tt0209144,movie,https://m.media-amazon.com/images/M/MV5BZTcyNjk1MjgtOWI3Mi00YzQwLWI5MTktMzY4ZmI2NDAyNzYzXkEyXkFqcGdeQXVyNjU0OTQ0OTY@._V1_SX300.jpg
The Great Dictator,1940,tt0032553,movie,https://m.media-amazon.com/images/M/MV5BMmExYWJjNTktNGUyZS00ODhmLTkxYzAtNWIzOGEyMGNiMmUwXkEyXkFqcGdeQXVyNjU0OTQ0OTY@._V1_SX300.jpg
The Lives Of Others,2014,tt9130566,movie,https://m.media-amazon.com/images/M/MV5BNjM0M2FmMTUtODNhZC00NzVjLTgyNGMtZTkxZGVhMjEzM2NlXkEyXkFqcGdeQXVyNjI0MTg1MzU@._V1_SX300.jpg
Django Unchained,2012,tt1853728,movie,https://m.media-amazon.com/images/M/MV5BMjIyNTQ5NjQ1OV5BMl5BanBnXkFtZTcwODg1MDU4OA@@._V1_SX300.jpg
Paths of Glory,1957,tt0050825,movie,https://m.media-amazon.com/images/M/MV5BNjViMmRkOTEtM2ViOS00ODg0LWJhYWEtNTBlOGQxNDczOGY3XkEyXkFqcGdeQXVyMDI2NDg0NQ@@._V1_SX300.jpg
Sunset Blvd.,1950,tt0043014,movie,https://m.media-amazon.com/images/M/MV5BMTU0NTkyNzYwMF5BMl5BanBnXkFtZTgwMDU0NDk5MTI@._V1_SX300.jpg
WALL·E,2008,tt0910970,movie,https://m.media-amazon.com/images/M/MV5BMjExMTg5OTU0NF5BMl5BanBnXkFtZTcwMjMxMzMzMw@@._V1_SX300.jpg
Avengers: Infinity War,2018,tt4154756,movie,https://m.media-amazon.com/images/M/MV5BMjMxNjY2MDU1OV5BMl5BanBnXkFtZTgwNzY1MTUwNTM@._V1_SX300.jpg
The Shining,1980,tt0081505,movie,https://m.media-amazon.com/images/M/MV5BZWFlYmY2MGEtZjVkYS00YzU4LTg0YjQtYzY1ZGE3NTA5NGQxXkEyXkFqcGdeQXVyMTQxNzMzNDI@._V1_SX300.jpg
Witness for the Prosecution,1957,tt0051201,movie,https://m.media-amazon.com/images/M/MV5BZDA4MWNkMTctZDQ0Mi00MTY2LThjYTAtNWM5OTY3NzA4MzIyXkEyXkFqcGdeQXVyNTE1NjY5Mg@@._V1_SX300.jpg
Spider-Man: Into the Spider-Verse,2018,tt4633694,movie,https://m.media-amazon.com/images/M/MV5BMjMwNDkxMTgzOF5BMl5BanBnXkFtZTgwNTkwNTQ3NjM@._V1_SX300.jpg
Dr. Strangelove or: How I Learned to Stop Worrying and Love the Bomb,1964,tt0057012,movie,https://m.media-amazon.com/images/M/MV5BZWI3ZTMxNjctMjdlNS00NmUwLWFiM2YtZDUyY2I3N2MxYTE0XkEyXkFqcGdeQXVyNzkwMjQ5NzM@._V1_SX300.jpg
Joker,2019,tt7286456,movie,https://m.media-amazon.com/images/M/MV5BNGVjNWI4ZGUtNzE0MS00YTJmLWE0ZDctN2ZiYTk2YmI3NTYyXkEyXkFqcGdeQXVyMTkxNjUyNQ@@._V1_SX300.jpg
Princess Mononoke: Making of a Masterpiece,2004,tt0484454,movie,N/A
Oldboy,2013,tt1321511,movie,https://m.media-amazon.com/images/M/MV5BMTk5NTEwMzI5OV5BMl5BanBnXkFtZTgwMDQ4ODUwMDE@._V1_SX300.jpg
Call Me by Your Name,2017,tt5726616,movie,https://m.media-amazon.com/images/M/MV5BNDk3NTEwNjc0MV5BMl5BanBnXkFtZTgwNzYxNTMwMzI@._V1_SX300.jpg
The Dark Knight Rises,2012,tt1345836,movie,https://m.media-amazon.com/images/M/MV5BMTk4ODQzNDY3Ml5BMl5BanBnXkFtZTcwODA0NTM4Nw@@._V1_SX300.jpg
Once Upon a Time in America,1984,tt0087843,movie,https://m.media-amazon.com/images/M/MV5BMGFkNWI4MTMtNGQ0OC00MWVmLTk3MTktOGYxN2Y2YWVkZWE2XkEyXkFqcGdeQXVyNjU0OTQ0OTY@._V1_SX300.jpg
Aliens,1986,tt0090605,movie,https://m.media-amazon.com/images/M/MV5BZGU2OGY5ZTYtMWNhYy00NjZiLWI0NjUtZmNhY2JhNDRmODU3XkEyXkFqcGdeQXVyNzkwMjQ5NzM@._V1_SX300.jpg
Coco,2017,tt2380307,movie,https://m.media-amazon.com/images/M/MV5BYjQ5NjM0Y2YtNjZkNC00ZDhkLWJjMWItN2QyNzFkMDE3ZjAxXkEyXkFqcGdeQXVyODIxMzk5NjA@._V1_SX300.jpg
Capernaum Monastery of the Twelve Apostles,2017,tt8329382,movie,https://m.media-amazon.com/images/M/MV5BZGE0YjkxNTUtNmU1YS00OThhLTkwZjctMmVlOGQ4MWMwNWNlXkEyXkFqcGdeQXVyODY5Nzc2NTQ@._V1_SX300.jpg
Avengers: Endgame,2019,tt4154796,movie,https://m.media-amazon.com/images/M/MV5BMTc5MDE2ODcwNV5BMl5BanBnXkFtZTgwMzI2NzQ2NzM@._V1_SX300.jpg
Das Boot,1981,tt0082096,movie,https://m.media-amazon.com/images/M/MV5BOGZhZDIzNWMtNjkxMS00MDQ1LThkMTYtZWQzYWU3MWMxMGU5XkEyXkFqcGdeQXVyNjc1NTYyMjg@._V1_SX300.jpg
High Heels and Low Lifes,2001,tt0253126,movie,https://m.media-amazon.com/images/M/MV5BYjVhOTkzMzItNGZkZC00MjE2LTg0YzctZTY2OGEzZDFjMmQwXkEyXkFqcGdeQXVyMTMxMTY0OTQ@._V1_SX300.jpg
Hamilton,2020,tt8503618,movie,https://m.media-amazon.com/images/M/MV5BNjViNWRjYWEtZTI0NC00N2E3LTk0NGQtMjY4NTM3OGNkZjY0XkEyXkFqcGdeQXVyMjUxMTY3ODM@._V1_SX300.jpg
American Beauty,1999,tt0169547,movie,https://m.media-amazon.com/images/M/MV5BNTBmZWJkNjctNDhiNC00MGE2LWEwOTctZTk5OGVhMWMyNmVhXkEyXkFqcGdeQXVyMTMxODk2OTU@._V1_SX300.jpg
Toy Story,1995,tt0114709,movie,https://m.media-amazon.com/images/M/MV5BMDU2ZWJlMjktMTRhMy00ZTA5LWEzNDgtYmNmZTEwZTViZWJkXkEyXkFqcGdeQXVyNDQ2OTk4MzI@._V1_SX300.jpg
3 Idiots,2009,tt1187043,movie,https://m.media-amazon.com/images/M/MV5BNTkyOGVjMGEtNmQzZi00NzFlLTlhOWQtODYyMDc2ZGJmYzFhXkEyXkFqcGdeQXVyNjU0OTQ0OTY@._V1_SX300.jpg
Amadeus,1984,tt0086879,movie,https://m.media-amazon.com/images/M/MV5BNWJlNzUzNGMtYTAwMS00ZjI2LWFmNWQtODcxNWUxODA5YmU1XkEyXkFqcGdeQXVyNTIzOTk5ODM@._V1_SX300.jpg
Braveheart,1995,tt0112573,movie,https://m.media-amazon.com/images/M/MV5BMzkzMmU0YTYtOWM3My00YzBmLWI0YzctOGYyNTkwMWE5MTJkXkEyXkFqcGdeQXVyNzkwMjQ5NzM@._V1_SX300.jpg
Inglourious Basterds,2009,tt0361748,movie,https://m.media-amazon.com/images/M/MV5BOTJiNDEzOWYtMTVjOC00ZjlmLWE0NGMtZmE1OWVmZDQ2OWJhXkEyXkFqcGdeQXVyNTIzOTk5ODM@._V1_SX300.jpg
Good Will Hunting,1997,tt0119217,movie,https://m.media-amazon.com/images/M/MV5BOTI0MzcxMTYtZDVkMy00NjY1LTgyMTYtZmUxN2M3NmQ2NWJhXkEyXkFqcGdeQXVyMTQxNzMzNDI@._V1_SX300.jpg
2001: A Space Odyssey,1968,tt0062622,movie,https://m.media-amazon.com/images/M/MV5BMmNlYzRiNDctZWNhMi00MzI4LThkZTctMTUzMmZkMmFmNThmXkEyXkFqcGdeQXVyNzkwMjQ5NzM@._V1_SX300.jpg
Reservoir Dogs,1992,tt0105236,movie,https://m.media-amazon.com/images/M/MV5BZmExNmEwYWItYmQzOS00YjA5LTk2MjktZjEyZDE1Y2QxNjA1XkEyXkFqcGdeQXVyMTQxNzMzNDI@._V1_SX300.jpg
Vertigo,1958,tt0052357,movie,https://m.media-amazon.com/images/M/MV5BYTE4ODEwZDUtNDFjOC00NjAxLWEzYTQtYTI1NGVmZmFlNjdiL2ltYWdlL2ltYWdlXkEyXkFqcGdeQXVyNjc1NTYyMjg@._V1_SX300.jpg
Come and See,2019,tt10985730,movie,https://m.media-amazon.com/images/M/MV5BOGM3ZDlkYjEtNzVjYi00ZGU2LWJmY2YtYjhjYWZmNDE5NDMyXkEyXkFqcGdeQXVyMjMxNTgwMDA@._V1_SX300.jpg
Citizen Kane,1941,tt0033467,movie,https://m.media-amazon.com/images/M/MV5BYjBiOTYxZWItMzdiZi00NjlkLWIzZTYtYmFhZjhiMTljOTdkXkEyXkFqcGdeQXVyNzkwMjQ5NzM@._V1_SX300.jpg
The Hunt for Red October,1990,tt0099810,movie,https://m.media-amazon.com/images/M/MV5BZDdkODg3YzctMGVmZS00ZDM5LWIzNTctZDRlMjA5Mjc4MGViXkEyXkFqcGdeQXVyODE5NzE3OTE@._V1_SX300.jpg
Requiem for a Dream,2000,tt0180093,movie,https://m.media-amazon.com/images/M/MV5BOTdiNzJlOWUtNWMwNS00NmFlLWI0YTEtZmI3YjIzZWUyY2Y3XkEyXkFqcGdeQXVyNjU0OTQ0OTY@._V1_SX300.jpg
Singin' in the Rain,1952,tt0045152,movie,https://m.media-amazon.com/images/M/MV5BZDRjNGViMjQtOThlMi00MTA3LThkYzQtNzJkYjBkMGE0YzE1XkEyXkFqcGdeQXVyNDYyMDk5MTU@._V1_SX300.jpg
North by Northwest,1959,tt0053125,movie,https://m.media-amazon.com/images/M/MV5BZDA3NDExMTUtMDlhOC00MmQ5LWExZGUtYmI1NGVlZWI4OWNiXkEyXkFqcGdeQXVyNjc1NTYyMjg@._V1_SX300.jpg
Eternal Sunshine of the Spotless Mind,2004,tt0338013,movie,https://m.media-amazon.com/images/M/MV5BMTY4NzcwODg3Nl5BMl5BanBnXkFtZTcwNTEwOTMyMw@@._V1_SX300.jpg
Bicycle Thieves,2013,tt3683214,movie,https://m.media-amazon.com/images/M/MV5BZDJjMzg4NDUtNTk2Zi00NzU0LWI5NTktNmIwM2QwNmUwMTY1XkEyXkFqcGdeQXVyMzQ5Njc3NzU@._V1_SX300.jpg
Ikiru,1952,tt0044741,movie,https://m.media-amazon.com/images/M/MV5BZmM0NGY3Y2MtMTA1YS00YmQzLTk2YTctYWFhMDkzMDRjZWQzXkEyXkFqcGdeQXVyNTA4NzY1MzY@._V1_SX300.jpg
Lawrence of Arabia,1962,tt0056172,movie,https://m.media-amazon.com/images/M/MV5BYWY5ZjhjNGYtZmI2Ny00ODM0LWFkNzgtZmI1YzA2N2MxMzA0XkEyXkFqcGdeQXVyNjUwNzk3NDc@._V1_SX300.jpg
Pather Panchali,1955,tt0048473,movie,https://m.media-amazon.com/images/M/MV5BNDE5YmMxYjEtZjNjNC00NjM2LWE2ZjctOTkyNGMxODRiMGNiXkEyXkFqcGdeQXVyNTgyNTA4MjM@._V1_SX300.jpg
Butch Cassidy and the Sundance Kid,1969,tt0064115,movie,https://m.media-amazon.com/images/M/MV5BMTkyMTM2NDk5Nl5BMl5BanBnXkFtZTgwNzY1NzEyMDE@._V1_SX300.jpg
Full Metal Jacket,1987,tt0093058,movie,https://m.media-amazon.com/images/M/MV5BNzkxODk0NjEtYjc4Mi00ZDI0LTgyYjEtYzc1NDkxY2YzYTgyXkEyXkFqcGdeQXVyNzkwMjQ5NzM@._V1_SX300.jpg
Dangal,2016,tt5074352,movie,https://m.media-amazon.com/images/M/MV5BMTQ4MzQzMzM2Nl5BMl5BanBnXkFtZTgwMTQ1NzU3MDI@._V1_SX300.jpg
In the Name of the Father,1993,tt0107207,movie,https://m.media-amazon.com/images/M/MV5BMmYyOTgwYWItYmU3Ny00M2E2LTk0NWMtMDVlNmQ0MWZiMTMxXkEyXkFqcGdeQXVyNzkwMjQ5NzM@._V1_SX300.jpg
The Apartment,1960,tt0053604,movie,https://m.media-amazon.com/images/M/MV5BNzkwODFjNzItMmMwNi00MTU5LWE2MzktM2M4ZDczZGM1MmViXkEyXkFqcGdeQXVyNDY2MTk1ODk@._V1_SX300.jpg
A Clockwork Orange,1971,tt0066921,movie,https://m.media-amazon.com/images/M/MV5BMTY3MjM1Mzc4N15BMl5BanBnXkFtZTgwODM0NzAxMDE@._V1_SX300.jpg
Dune,1984,tt0087182,movie,https://m.media-amazon.com/images/M/MV5BYTAzYzNlMDMtMGRjYS00M2UxLTk0MmEtYmE4YWZiYmEwOTIwL2ltYWdlL2ltYWdlXkEyXkFqcGdeQXVyNzc5MjA3OA@@._V1_SX300.jpg
Incendies,2010,tt1255953,movie,https://m.media-amazon.com/images/M/MV5BMWE3MGYzZjktY2Q5Mi00Y2NiLWIyYWUtMmIyNzA3YmZlMGFhXkEyXkFqcGdeQXVyMTMxODk2OTU@._V1_SX300.jpg
Taxi Driver,1976,tt0075314,movie,https://m.media-amazon.com/images/M/MV5BM2M1MmVhNDgtNmI0YS00ZDNmLTkyNjctNTJiYTQ2N2NmYzc2XkEyXkFqcGdeQXVyNzkwMjQ5NzM@._V1_SX300.jpg
Metropolis,1927,tt0017136,movie,https://m.media-amazon.com/images/M/MV5BMTg5YWIyMWUtZDY5My00Zjc1LTljOTctYmI0MWRmY2M2NmRkXkEyXkFqcGdeQXVyMTMxODk2OTU@._V1_SX300.jpg
Double Indemnity,1944,tt0036775,movie,https://m.media-amazon.com/images/M/MV5BOTdlNjgyZGUtOTczYi00MDdhLTljZmMtYTEwZmRiOWFkYjRhXkEyXkFqcGdeQXVyNDY2MTk1ODk@._V1_SX300.jpg
The Sting,1973,tt0070735,movie,https://m.media-amazon.com/images/M/MV5BNGU3NjQ4YTMtZGJjOS00YTQ3LThmNmItMTI5MDE2ODI3NzY3XkEyXkFqcGdeQXVyMjUzOTY1NTc@._V1_SX300.jpg
A Violent Separation,2019,tt3170458,movie,https://m.media-amazon.com/images/M/MV5BY2ViNTU4MjQtZmMxMi00MjBhLWFhZDEtNzcxNzM1MjBhNGIxXkEyXkFqcGdeQXVyNjUyNDExNzc@._V1_SX300.jpg
Scarface,1983,tt0086250,movie,https://m.media-amazon.com/images/M/MV5BNjdjNGQ4NDEtNTEwYS00MTgxLTliYzQtYzE2ZDRiZjFhZmNlXkEyXkFqcGdeQXVyNjU0OTQ0OTY@._V1_SX300.jpg
1917,2019,tt8579674,movie,https://m.media-amazon.com/images/M/MV5BOTdmNTFjNDEtNzg0My00ZjkxLTg1ZDAtZTdkMDc2ZmFiNWQ1XkEyXkFqcGdeQXVyNTAzNzgwNTg@._V1_SX300.jpg
Snatch,2000,tt0208092,movie,https://m.media-amazon.com/images/M/MV5BMTA2NDYxOGYtYjU1Mi00Y2QzLTgxMTQtMWI1MGI0ZGQ5MmU4XkEyXkFqcGdeQXVyNDk3NzU2MTQ@._V1_SX300.jpg
Amelie rennt,2017,tt5712474,movie,https://m.media-amazon.com/images/M/MV5BY2U0YzI5YTUtOTIyNi00YWRkLTg3OTQtNjE2NzE5NmQxODNmXkEyXkFqcGdeQXVyMTMxODk2OTU@._V1_SX300.jpg
To Kill a Mockingbird,1962,tt0056592,movie,https://m.media-amazon.com/images/M/MV5BNmVmYzcwNzMtMWM1NS00MWIyLThlMDEtYzUwZDgzODE1NmE2XkEyXkFqcGdeQXVyNzkwMjQ5NzM@._V1_SX300.jpg
Toy Story 3,2010,tt0435761,movie,https://m.media-amazon.com/images/M/MV5BMTgxOTY4Mjc0MF5BMl5BanBnXkFtZTcwNTA4MDQyMw@@._V1_SX300.jpg
Restoration Italian Style: For a Few Dollars More,2005,tt1134575,movie,N/A
Indiana Jones and the Last Crusade,1989,tt0097576,movie,https://m.media-amazon.com/images/M/MV5BMjNkMzc2N2QtNjVlNS00ZTk5LTg0MTgtODY2MDAwNTMwZjBjXkEyXkFqcGdeQXVyNDk3NzU2MTQ@._V1_SX300.jpg
L.A. Confidential,1997,tt0119488,movie,https://m.media-amazon.com/images/M/MV5BMDQ2YzEyZGItYWRhOS00MjBmLTkzMDUtMTdjYzkyMmQxZTJlXkEyXkFqcGdeQXVyNjU0OTQ0OTY@._V1_SX300.jpg
Heat,1995,tt0113277,movie,https://m.media-amazon.com/images/M/MV5BNGMwNzUwNjYtZWM5NS00YzMyLWI4NjAtNjM0ZDBiMzE1YWExXkEyXkFqcGdeQXVyNDk3NzU2MTQ@._V1_SX300.jpg
Nihiki no yojimbo,1968,tt0201803,movie,N/A
Rashômon,1950,tt0042876,movie,https://m.media-amazon.com/images/M/MV5BMjEzMzA4NDE2OF5BMl5BanBnXkFtZTcwNTc5MDI2NQ@@._V1_SX300.jpg
Ran,1985,tt0089881,movie,https://m.media-amazon.com/images/M/MV5BNTEyNjg0MDM4OF5BMl5BanBnXkFtZTgwODI0NjUxODE@._V1_SX300.jpg
Die Hard,1988,tt0095016,movie,https://m.media-amazon.com/images/M/MV5BZjRlNDUxZjAtOGQ4OC00OTNlLTgxNmQtYTBmMDgwZmNmNjkxXkEyXkFqcGdeQXVyNzkwMjQ5NzM@._V1_SX300.jpg
Green Book,2018,tt6966692,movie,https://m.media-amazon.com/images/M/MV5BYzIzYmJlYTYtNGNiYy00N2EwLTk4ZjItMGYyZTJiOTVkM2RlXkEyXkFqcGdeQXVyODY1NDk1NjE@._V1_SX300.jpg
Dead Space: Downfall,2008,tt1267379,movie,https://m.media-amazon.com/images/M/MV5BYjNiMmU2YmUtMGMzYy00ODc1LTk2ZmEtZjc3ZDZjMDAxOWZmXkEyXkFqcGdeQXVyNTAyODkwOQ@@._V1_SX300.jpg
Monty Python and the Holy Grail,1975,tt0071853,movie,https://m.media-amazon.com/images/M/MV5BN2IyNTE4YzUtZWU0Mi00MGIwLTgyMmQtMzQ4YzQxYWNlYWE2XkEyXkFqcGdeQXVyNjU0OTQ0OTY@._V1_SX300.jpg
All About Eve,1950,tt0042192,movie,https://m.media-amazon.com/images/M/MV5BMTY2MTAzODI5NV5BMl5BanBnXkFtZTgwMjM4NzQ0MjE@._V1_SX300.jpg
Some Like It Hot,1959,tt0053291,movie,https://m.media-amazon.com/images/M/MV5BNzAyOGIxYjAtMGY2NC00ZTgyLWIwMWEtYzY0OWQ4NDFjOTc5XkEyXkFqcGdeQXVyNjU0OTQ0OTY@._V1_SX300.jpg
Batman Begins,2005,tt0372784,movie,https://m.media-amazon.com/images/M/MV5BOTY4YjI2N2MtYmFlMC00ZjcyLTg3YjEtMDQyM2ZjYzQ5YWFkXkEyXkFqcGdeQXVyMTQxNzMzNDI@._V1_SX300.jpg
Unforgiven,1992,tt0105695,movie,https://m.media-amazon.com/images/M/MV5BODM3YWY4NmQtN2Y3Ni00OTg0LWFhZGQtZWE3ZWY4MTJlOWU4XkEyXkFqcGdeQXVyNjU0OTQ0OTY@._V1_SX300.jpg
Heaven of children,2016,tt7336176,movie,https://m.media-amazon.com/images/M/MV5BYTEwNjA2NTEtNmNmMS00YjM1LWJlNDItMzBiZDUyYTU0NjkwXkEyXkFqcGdeQXVyMjcxNzM0OTg@._V1_SX300.jpg
The Wolf of Wall Street,2013,tt0993846,movie,https://m.media-amazon.com/images/M/MV5BMjIxMjgxNTk0MF5BMl5BanBnXkFtZTgwNjIyOTg2MDE@._V1_SX300.jpg
Judgment at Nuremberg,1961,tt0055031,movie,https://m.media-amazon.com/images/M/MV5BNDc2ODQ5NTE2MV5BMl5BanBnXkFtZTcwODExMjUyNA@@._V1_SX300.jpg
The Great Escape,1963,tt0057115,movie,https://m.media-amazon.com/images/M/MV5BNzA2NmYxMWUtNzBlMC00MWM2LTkwNmQtYTFlZjQwODNhOWE0XkEyXkFqcGdeQXVyNTIzOTk5ODM@._V1_SX300.jpg
Casino Royale,2006,tt0381061,movie,https://m.media-amazon.com/images/M/MV5BMDI5ZWJhOWItYTlhOC00YWNhLTlkNzctNDU5YTI1M2E1MWZhXkEyXkFqcGdeQXVyNTIzOTk5ODM@._V1_SX300.jpg
The Treasure of the Sierra Madre,1948,tt0040897,movie,https://m.media-amazon.com/images/M/MV5BOTJlZWMxYzEtMjlkMS00ODE0LThlM2ItMDI3NGQ2YjhmMzkxXkEyXkFqcGdeQXVyMDI2NDg0NQ@@._V1_SX300.jpg
There Will Be Blood,2007,tt0469494,movie,https://m.media-amazon.com/images/M/MV5BMjAxODQ4MDU5NV5BMl5BanBnXkFtZTcwMDU4MjU1MQ@@._V1_SX300.jpg
Director's Notebook: Pan's Labyrinth,2007,tt1488563,movie,N/A
A Beautiful Mind,2001,tt0268978,movie,https://m.media-amazon.com/images/M/MV5BMzcwYWFkYzktZjAzNC00OGY1LWI4YTgtNzc5MzVjMDVmNjY0XkEyXkFqcGdeQXVyMTQxNzMzNDI@._V1_SX300.jpg
Raging Bull,1980,tt0081398,movie,https://m.media-amazon.com/images/M/MV5BYjRmODkzNDItMTNhNi00YjJlLTg0ZjAtODlhZTM0YzgzYThlXkEyXkFqcGdeQXVyNzQ1ODk3MTQ@._V1_SX300.jpg
My Neighbor Totoro: The Totoro Experience,2010,tt1620903,movie,https://m.media-amazon.com/images/M/MV5BY2Q1MjRjOGQtMGI2MS00ZWI4LTgyZDUtNzE5MTFhODdiZjNhXkEyXkFqcGdeQXVyNTI4NjYwNzc@._V1_SX300.jpg
Chinatown,1974,tt0071315,movie,https://m.media-amazon.com/images/M/MV5BOGMwYmY5ZmEtMzY1Yi00OWJiLTk1Y2MtMzI2MjBhYmZkNTQ0XkEyXkFqcGdeQXVyNzkwMjQ5NzM@._V1_SX300.jpg
"Lock, Stock and Two Smoking Barrels",1998,tt0120735,movie,https://m.media-amazon.com/images/M/MV5BMTAyN2JmZmEtNjAyMy00NzYwLThmY2MtYWQ3OGNhNjExMmM4XkEyXkFqcGdeQXVyNDk3NzU2MTQ@._V1_SX300.jpg
Shutter Island,2010,tt1130884,movie,https://m.media-amazon.com/images/M/MV5BYzhiNDkyNzktNTZmYS00ZTBkLTk2MDAtM2U0YjU1MzgxZjgzXkEyXkFqcGdeQXVyMTMxODk2OTU@._V1_SX300.jpg
The Gold Rush,1925,tt0015864,movie,https://m.media-amazon.com/images/M/MV5BZjEyOTE4MzMtNmMzMy00Mzc3LWJlOTQtOGJiNDE0ZmJiOTU4L2ltYWdlXkEyXkFqcGdeQXVyNTAyODkwOQ@@._V1_SX300.jpg
No Country for Old Men,2007,tt0477348,movie,https://m.media-amazon.com/images/M/MV5BMjA5Njk3MjM4OV5BMl5BanBnXkFtZTcwMTc5MTE1MQ@@._V1_SX300.jpg
Dial M for Murder,1954,tt0046912,movie,https://m.media-amazon.com/images/M/MV5BOWIwODIxYWItZDI4MS00YzhhLWE3MmYtMzlhZDIwOTMzZmE5L2ltYWdlXkEyXkFqcGdeQXVyNjc1NTYyMjg@._V1_SX300.jpg
"Three Billboards Outside Ebbing, Missouri",2017,tt5027774,movie,https://m.media-amazon.com/images/M/MV5BMjI0ODcxNzM1N15BMl5BanBnXkFtZTgwMzIwMTEwNDI@._V1_SX300.jpg
The Elephant Man,1980,tt0080678,movie,https://m.media-amazon.com/images/M/MV5BMDVjNjIwOGItNDE3Ny00OThjLWE0NzQtZTU3YjMzZTZjMzhkXkEyXkFqcGdeQXVyMTQxNzMzNDI@._V1_SX300.jpg
The Thing,1982,tt0084787,movie,https://m.media-amazon.com/images/M/MV5BNGViZWZmM2EtNGYzZi00ZDAyLTk3ODMtNzIyZTBjN2Y1NmM1XkEyXkFqcGdeQXVyNTAyODkwOQ@@._V1_SX300.jpg
The Sixth Sense,1999,tt0167404,movie,https://m.media-amazon.com/images/M/MV5BMWM4NTFhYjctNzUyNi00NGMwLTk3NTYtMDIyNTZmMzRlYmQyXkEyXkFqcGdeQXVyMTAwMzUyOTc@._V1_SX300.jpg
Klaus,2019,tt4729430,movie,https://m.media-amazon.com/images/M/MV5BMWYwOThjM2ItZGYxNy00NTQwLWFlZWEtM2MzM2Q5MmY3NDU5XkEyXkFqcGdeQXVyMTkxNjUyNQ@@._V1_SX300.jpg
The Wild Strawberries Under the Snow,1994,tt7166152,movie,https://m.media-amazon.com/images/M/MV5BMTY5MzUwMjgtYjljNy00YmE0LWE1ODItMDI1NTUyNThmYmE5XkEyXkFqcGdeQXVyNjA0Mzc0MzI@._V1_SX300.jpg
The Third Man,1949,tt0041959,movie,https://m.media-amazon.com/images/M/MV5BYjE2OTdhMWUtOGJlMy00ZDViLWIzZjgtYjZkZGZmMDZjYmEyXkEyXkFqcGdeQXVyNzkwMjQ5NzM@._V1_SX300.jpg
The Truman Show,1998,tt0120382,movie,https://m.media-amazon.com/images/M/MV5BMDIzODcyY2EtMmY2MC00ZWVlLTgwMzAtMjQwOWUyNmJjNTYyXkEyXkFqcGdeQXVyNDk3NzU2MTQ@._V1_SX300.jpg
Jurassic Park,1993,tt0107290,movie,https://m.media-amazon.com/images/M/MV5BMjM2MDgxMDg0Nl5BMl5BanBnXkFtZTgwNTM2OTM5NDE@._V1_SX300.jpg
V for Vendetta,2005,tt0434409,movie,https://m.media-amazon.com/images/M/MV5BOTI5ODc3NzExNV5BMl5BanBnXkFtZTcwNzYxNzQzMw@@._V1_SX300.jpg
Inside Out,2015,tt2096673,movie,https://m.media-amazon.com/images/M/MV5BOTgxMDQwMDk0OF5BMl5BanBnXkFtZTgwNjU5OTg2NDE@._V1_SX300.jpg
Memories of Murder,1990,tt0100132,movie,https://m.media-amazon.com/images/M/MV5BYzBkOGYwM2QtZmQ1Yi00NGIzLTg3ZjItNzQ0YmU3ZGI4OGQ3XkEyXkFqcGdeQXVyMzU0NzkwMDg@._V1_SX300.jpg
Blade Runner,1982,tt0083658,movie,https://m.media-amazon.com/images/M/MV5BNzQzMzJhZTEtOWM4NS00MTdhLTg0YjgtMjM4MDRkZjUwZDBlXkEyXkFqcGdeQXVyNjU0OTQ0OTY@._V1_SX300.jpg
Trainspotting,1996,tt0117951,movie,https://m.media-amazon.com/images/M/MV5BMzA5Zjc3ZTMtMmU5YS00YTMwLWI4MWUtYTU0YTVmNjVmODZhXkEyXkFqcGdeQXVyNjU0OTQ0OTY@._V1_SX300.jpg
The Bridge on the River Kwai,1957,tt0050212,movie,https://m.media-amazon.com/images/M/MV5BOGY5NmNlMmQtYzRlYy00NGQ5LWFkYjYtNzExZmQyMTg0ZDA0XkEyXkFqcGdeQXVyNDIzMzcwNjc@._V1_SX300.jpg
Fargo,1996,tt0116282,movie,https://m.media-amazon.com/images/M/MV5BNDJiZDgyZjctYmRjMS00ZjdkLTkwMTEtNGU1NDg3NDQ0Yzk1XkEyXkFqcGdeQXVyNzkwMjQ5NzM@._V1_SX300.jpg
Warrior,2011,tt1291584,movie,https://m.media-amazon.com/images/M/MV5BMTk4ODk5MTMyNV5BMl5BanBnXkFtZTcwMDMyNTg0Ng@@._V1_SX300.jpg
Finding Nemo,2003,tt0266543,movie,https://m.media-amazon.com/images/M/MV5BZTAzNWZlNmUtZDEzYi00ZjA5LWIwYjEtZGM1NWE1MjE4YWRhXkEyXkFqcGdeQXVyNjU0OTQ0OTY@._V1_SX300.jpg
Kill Bill: Vol. 1,2003,tt0266697,movie,https://m.media-amazon.com/images/M/MV5BNzM3NDFhYTAtYmU5Mi00NGRmLTljYjgtMDkyODQ4MjNkMGY2XkEyXkFqcGdeQXVyNzkwMjQ5NzM@._V1_SX300.jpg
Gone with the Wind,1939,tt0031381,movie,https://m.media-amazon.com/images/M/MV5BYjUyZWZkM2UtMzYxYy00ZmQ3LWFmZTQtOGE2YjBkNjA3YWZlXkEyXkFqcGdeQXVyNzkwMjQ5NzM@._V1_SX300.jpg
Tokyo Quake Story,2011,tt2092000,movie,N/A
On the Waterfront,1954,tt0047296,movie,https://m.media-amazon.com/images/M/MV5BY2I0MWFiZDMtNWQyYy00Njk5LTk3MDktZjZjNTNmZmVkYjkxXkEyXkFqcGdeQXVyNjc1NTYyMjg@._V1_SX300.jpg
Stalker,1979,tt0079944,movie,https://m.media-amazon.com/images/M/MV5BMDgwODNmMGItMDcwYi00OWZjLTgyZjAtMGYwMmI4N2Q0NmJmXkEyXkFqcGdeQXVyNzY1MTU0Njk@._V1_SX300.jpg
Wild Tales from the Village,2016,tt6359828,movie,https://m.media-amazon.com/images/M/MV5BN2Q3YzM5OWEtMDdkZC00MTM3LWE4NWYtMGQ4MzFlOTg4YTk3L2ltYWdlL2ltYWdlXkEyXkFqcGdeQXVyMjYzMjA3NzI@._V1_SX300.jpg
The Deer Hunter,1978,tt0077416,movie,https://m.media-amazon.com/images/M/MV5BNDhmNTA0ZDMtYjhkNS00NzEzLWIzYTItOGNkMTVmYjE2YmI3XkEyXkFqcGdeQXVyNzkwMjQ5NzM@._V1_SX300.jpg
Sherlock Jr.,1924,tt0015324,movie,https://m.media-amazon.com/images/M/MV5BZWFhOGU5NDctY2Q3YS00Y2VlLWI1NzEtZmIwY2ZiZjY4OTA2XkEyXkFqcGdeQXVyMDI2NDg0NQ@@._V1_SX300.jpg
The General,1926,tt0017925,movie,https://m.media-amazon.com/images/M/MV5BYmRiMDFlYjYtOTMwYy00OGY2LWE0Y2QtYzQxOGNhZmUwNTIxXkEyXkFqcGdeQXVyNzkwMjQ5NzM@._V1_SX300.jpg
Gran Torino,2008,tt1205489,movie,https://m.media-amazon.com/images/M/MV5BMTc5NTk2OTU1Nl5BMl5BanBnXkFtZTcwMDc3NjAwMg@@._V1_SX300.jpg
Persona,1966,tt0060827,movie,https://m.media-amazon.com/images/M/MV5BMTM0YzExY2EtMjUyZi00ZmIwLWFkYTktNjY5NmVkYTdkMjI5XkEyXkFqcGdeQXVyNzQxNDExNTU@._V1_SX300.jpg
The Grand Budapest Hotel,2014,tt2278388,movie,https://m.media-amazon.com/images/M/MV5BMzM5NjUxOTEyMl5BMl5BanBnXkFtZTgwNjEyMDM0MDE@._V1_SX300.jpg
Prisoners,2013,tt1392214,movie,https://m.media-amazon.com/images/M/MV5BMTg0NTIzMjQ1NV5BMl5BanBnXkFtZTcwNDc3MzM5OQ@@._V1_SX300.jpg
Before Sunrise,1995,tt0112471,movie,https://m.media-amazon.com/images/M/MV5BZDdiZTAwYzAtMDI3Ni00OTRjLTkzN2UtMGE3MDMyZmU4NTU4XkEyXkFqcGdeQXVyNjU0OTQ0OTY@._V1_SX300.jpg
Mary and Max.,2009,tt0978762,movie,https://m.media-amazon.com/images/M/MV5BMDgzYjQwMDMtNGUzYi00MTRmLWIyMGMtNjE1OGZkNzY2YWIzL2ltYWdlXkEyXkFqcGdeQXVyNjU0OTQ0OTY@._V1_SX300.jpg
Mr. Smith Goes to Washington,1939,tt0031679,movie,https://m.media-amazon.com/images/M/MV5BZTYwYjYxYzgtMDE1Ni00NzU4LWJlMTEtODQ5YmJmMGJhZjI5L2ltYWdlXkEyXkFqcGdeQXVyMDI2NDg0NQ@@._V1_SX300.jpg
Catch Me If You Can,2002,tt0264464,movie,https://m.media-amazon.com/images/M/MV5BMTY5MzYzNjc5NV5BMl5BanBnXkFtZTYwNTUyNTc2._V1_SX300.jpg
Room,2015,tt3170832,movie,https://m.media-amazon.com/images/M/MV5BMjE4NzgzNzEwMl5BMl5BanBnXkFtZTgwMTMzMDE0NjE@._V1_SX300.jpg
In the Name of the Father,1993,tt0107207,movie,https://m.media-amazon.com/images/M/MV5BMmYyOTgwYWItYmU3Ny00M2E2LTk0NWMtMDVlNmQ0MWZiMTMxXkEyXkFqcGdeQXVyNzkwMjQ5NzM@._V1_SX300.jpg
Barry Lyndon,1975,tt0072684,movie,https://m.media-amazon.com/images/M/MV5BNmY0MWY2NDctZDdmMi00MjA1LTk0ZTQtZDMyZTQ1NTNlYzVjXkEyXkFqcGdeQXVyMjUzOTY1NTc@._V1_SX300.jpg
Gone Girl,2014,tt2267998,movie,https://m.media-amazon.com/images/M/MV5BMTk0MDQ3MzAzOV5BMl5BanBnXkFtZTgwNzU1NzE3MjE@._V1_SX300.jpg
Hacksaw Ridge,2016,tt2119532,movie,https://m.media-amazon.com/images/M/MV5BMjQ1NjM3MTUxNV5BMl5BanBnXkFtZTgwMDc5MTY5OTE@._V1_SX300.jpg
Andhadhun,2018,tt8108198,movie,https://m.media-amazon.com/images/M/MV5BZWZhMjhhZmYtOTIzOC00MGYzLWI1OGYtM2ZkN2IxNTI4ZWI3XkEyXkFqcGdeQXVyNDAzNDk0MTQ@._V1_SX300.jpg
To Be or Not to Be,1942,tt0035446,movie,https://m.media-amazon.com/images/M/MV5BYTIwNDcyMjktMTczMy00NDM5LTlhNDEtMmE3NGVjOTM2YjQ3XkEyXkFqcGdeQXVyNjc0MzMzNjA@._V1_SX300.jpg
Ford v Ferrari,2019,tt1950186,movie,https://m.media-amazon.com/images/M/MV5BM2UwMDVmMDItM2I2Yi00NGZmLTk4ZTUtY2JjNTQ3OGQ5ZjM2XkEyXkFqcGdeQXVyMTA1OTYzOTUx._V1_SX300.jpg
12 Years a Slave,2013,tt2024544,movie,https://m.media-amazon.com/images/M/MV5BMjExMTEzODkyN15BMl5BanBnXkFtZTcwNTU4NTc4OQ@@._V1_SX300.jpg
The Big Lebowski,1998,tt0118715,movie,https://m.media-amazon.com/images/M/MV5BMTQ0NjUzMDMyOF5BMl5BanBnXkFtZTgwODA1OTU0MDE@._V1_SX300.jpg
How to Train Your Dragon,2010,tt0892769,movie,https://m.media-amazon.com/images/M/MV5BMjA5NDQyMjc2NF5BMl5BanBnXkFtZTcwMjg5ODcyMw@@._V1_SX300.jpg
Mad Max: Fury Road,2015,tt1392190,movie,https://m.media-amazon.com/images/M/MV5BN2EwM2I5OWMtMGQyMi00Zjg1LWJkNTctZTdjYTA4OGUwZjMyXkEyXkFqcGdeQXVyMTMxODk2OTU@._V1_SX300.jpg
The Making of Autumn Sonata,1978,tt6720536,movie,https://m.media-amazon.com/images/M/MV5BNzA1ZDg3NGItM2VhMi00ZTkxLThmZTEtYTVmZWZkMzZkNmI0XkEyXkFqcGdeQXVyNTQ1NDk2NzQ@._V1_SX300.jpg
Dead Poets Society,1989,tt0097165,movie,https://m.media-amazon.com/images/M/MV5BOGYwYWNjMzgtNGU4ZC00NWQ2LWEwZjUtMzE1Zjc3NjY3YTU1XkEyXkFqcGdeQXVyMTQxNzMzNDI@._V1_SX300.jpg
Ben-Hur,1959,tt0052618,movie,https://m.media-amazon.com/images/M/MV5BNjgxY2JiZDYtZmMwOC00ZmJjLWJmODUtMTNmNWNmYWI5ODkwL2ltYWdlL2ltYWdlXkEyXkFqcGdeQXVyNjc1NTYyMjg@._V1_SX300.jpg
Million Dollar Baby,2004,tt0405159,movie,https://m.media-amazon.com/images/M/MV5BMTkxNzA1NDQxOV5BMl5BanBnXkFtZTcwNTkyMTIzMw@@._V1_SX300.jpg
Harry Potter and the Deathly Hallows: Part 2,2011,tt1201607,movie,https://m.media-amazon.com/images/M/MV5BMGVmMWNiMDktYjQ0Mi00MWIxLTk0N2UtN2ZlYTdkN2IzNDNlXkEyXkFqcGdeQXVyODE5NzE3OTE@._V1_SX300.jpg
Stand by Me,1986,tt0092005,movie,https://m.media-amazon.com/images/M/MV5BODJmY2Y2OGQtMDg2My00N2Q3LWJmZTUtYTc2ODBjZDVlNDlhXkEyXkFqcGdeQXVyMTQxNzMzNDI@._V1_SX300.jpg
Olivia Cantwell and the Handmade Handmaiden,2016,tt6292400,movie,N/A
The Social Network,2010,tt1285016,movie,https://m.media-amazon.com/images/M/MV5BOGUyZDUxZjEtMmIzMC00MzlmLTg4MGItZWJmMzBhZjE0Mjc1XkEyXkFqcGdeQXVyMTMxODk2OTU@._V1_SX300.jpg
Logan,2017,tt3315342,movie,https://m.media-amazon.com/images/M/MV5BYzc5MTU4N2EtYTkyMi00NjdhLTg3NWEtMTY4OTEyMzJhZTAzXkEyXkFqcGdeQXVyNjc1NTYyMjg@._V1_SX300.jpg
Cool Hand Luke,1967,tt0061512,movie,https://m.media-amazon.com/images/M/MV5BOWFlNzZhYmYtYTI5YS00MDQyLWIyNTUtNTRjMWUwNTEzNjA0XkEyXkFqcGdeQXVyNjUwNzk3NDc@._V1_SX300.jpg
Hachi: A Dog's Tale,2009,tt1028532,movie,https://m.media-amazon.com/images/M/MV5BNzE4NDg5OWMtMzg3NC00ZDRjLTllMDMtZTRjNWZmNjBmMGZlXkEyXkFqcGdeQXVyMTMxODk2OTU@._V1_SX300.jpg
Gangs of Wasseypur,2012,tt1954470,movie,https://m.media-amazon.com/images/M/MV5BMTc5NjY4MjUwNF5BMl5BanBnXkFtZTgwODM3NzM5MzE@._V1_SX300.jpg
La haine,1995,tt0113247,movie,https://m.media-amazon.com/images/M/MV5BNDNiOTA5YjktY2Q0Ni00ODgzLWE5MWItNGExOWRlYjY2MjBlXkEyXkFqcGdeQXVyNjQ2MjQ5NzM@._V1_SX300.jpg
Platoon,1986,tt0091763,movie,https://m.media-amazon.com/images/M/MV5BMzRjZjdlMjQtODVkYS00N2YzLWJlYWYtMGVlN2E5MWEwMWQzXkEyXkFqcGdeQXVyMTQxNzMzNDI@._V1_SX300.jpg
Spotlight,2015,tt1895587,movie,https://m.media-amazon.com/images/M/MV5BMjIyOTM5OTIzNV5BMl5BanBnXkFtZTgwMDkzODE2NjE@._V1_SX300.jpg
Smokey and the Bandit,1977,tt0076729,movie,https://m.media-amazon.com/images/M/MV5BNmViNzZjZTEtODY4MS00Y2U1LWI1NTgtYjk5M2NiMTMxMzY4L2ltYWdlL2ltYWdlXkEyXkFqcGdeQXVyMjU5OTg5NDc@._V1_SX300.jpg
Rebecca,1940,tt0032976,movie,https://m.media-amazon.com/images/M/MV5BYTcxYWExOTMtMWFmYy00ZjgzLWI0YjktNWEzYzJkZTg0NDdmL2ltYWdlXkEyXkFqcGdeQXVyNjc1NTYyMjg@._V1_SX300.jpg
"Monsters, Inc.",2001,tt0198781,movie,https://m.media-amazon.com/images/M/MV5BMTY1NTI0ODUyOF5BMl5BanBnXkFtZTgwNTEyNjQ0MDE@._V1_SX300.jpg
Hotel Rwanda,2004,tt0395169,movie,https://m.media-amazon.com/images/M/MV5BZGJjYmIzZmQtNWE4Yy00ZGVmLWJkZGEtMzUzNmQ4ZWFlMjRhXkEyXkFqcGdeQXVyMTMxODk2OTU@._V1_SX300.jpg
I'm in the Mood for Love,2010,tt1651087,movie,https://m.media-amazon.com/images/M/MV5BNTkyYzBlMmItMDA3Yi00YTYwLThhZDgtMzY2MTFhZGM1NTZjXkEyXkFqcGdeQXVyNTM3MDMyMDQ@._V1_SX300.jpg
Rush,2013,tt1979320,movie,https://m.media-amazon.com/images/M/MV5BOWEwODJmZDItYTNmZC00OGM4LThlNDktOTQzZjIzMGQxODA4XkEyXkFqcGdeQXVyNjU0OTQ0OTY@._V1_SX300.jpg
Into the Wild,2007,tt0758758,movie,https://m.media-amazon.com/images/M/MV5BMTAwNDEyODU1MjheQTJeQWpwZ15BbWU2MDc3NDQwNw@@._V1_SX300.jpg
Love's a Bitch,2005,tt0808356,movie,N/A
Rocky,1976,tt0075148,movie,https://m.media-amazon.com/images/M/MV5BMTY5MDMzODUyOF5BMl5BanBnXkFtZTcwMTQ3NTMyNA@@._V1_SX300.jpg
Behind the Microphone: Nausicaa of the Valley of the Wind,2005,tt0906730,movie,N/A
Inventing 'Andrei Rublev',2018,tt8602704,movie,https://m.media-amazon.com/images/M/MV5BOGNjNTAwNTAtNjM0OS00NjA2LTg4N2ItMTYzMTlkM2VmMjE1XkEyXkFqcGdeQXVyODgxNDQxOTQ@._V1_SX300.jpg
It Happened One Night,1934,tt0025316,movie,https://m.media-amazon.com/images/M/MV5BYzJmMWE5NjAtNWMyZS00NmFiLWIwMDgtZDE2NzczYWFhNzIzXkEyXkFqcGdeQXVyNjc1NTYyMjg@._V1_SX300.jpg
Before Sunset,2004,tt0381681,movie,https://m.media-amazon.com/images/M/MV5BMTQ1MjAwNTM5Ml5BMl5BanBnXkFtZTYwNDM0MTc3._V1_SX300.jpg
Marxist Poetry: The Making of 'The Battle of Algiers',2004,tt0768130,movie,https://m.media-amazon.com/images/M/MV5BZGU2MDg1YmUtNTU4OC00MTNhLTkyMzQtNTFhZWVjZGEyZjdkXkEyXkFqcGdeQXVyMjQ0NzE0MQ@@._V1_SX300.jpg
Three Colors Red,2014,tt6510256,movie,https://m.media-amazon.com/images/M/MV5BYzM5YjI3NzktNGUyMC00MzRlLWFkMWMtNjhjMTAwNTY4NDQ4XkEyXkFqcGdeQXVyNjA4Nzc3NjA@._V1_SX300.jpg
The Princess Bride,1987,tt0093779,movie,https://m.media-amazon.com/images/M/MV5BMGM4M2Q5N2MtNThkZS00NTc1LTk1NTItNWEyZjJjNDRmNDk5XkEyXkFqcGdeQXVyMjA0MDQ0Mjc@._V1_SX300.jpg
"Paris, Texas",1984,tt0087884,movie,https://m.media-amazon.com/images/M/MV5BM2RjMmU3ZWItYzBlMy00ZmJkLWE5YzgtNTVkODdhOWM3NGZhXkEyXkFqcGdeQXVyNDA5Mjg5MjA@._V1_SX300.jpg
Tangerines,2016,tt6502060,movie,N/A
Du rififi chez les hommes,1955,tt0048021,movie,https://m.media-amazon.com/images/M/MV5BNjZmZGRiMDgtNDkwNi00OTZhLWFhZmMtYTdkYjgyNThhOWY3XkEyXkFqcGdeQXVyMTA1NTM1NDI2._V1_SX300.jpg
