imdbID,trailer
tt0111161,https://www.youtube.com/watch?v=K_tLp7T6U1c
tt0068646,https://www.youtube.com/watch?v=1x0GpEZnwa8
tt0071562,https://www.youtube.com/watch?v=9O1Iy9od7-A
tt0468569,https://www.youtube.com/watch?v=kmJLuwP3MbY
tt0050083,https://www.youtube.com/watch?v=_13J_9B5jEk
tt0108052,https://www.youtube.com/watch?v=bJcLRFWxRno
tt0167260,https://www.youtube.com/watch?v=r5X-hFf6Bwo
tt0110912,https://www.youtube.com/watch?v=tGpTpVyI_OQ
tt0120737,https://www.youtube.com/watch?v=V75dMMIW2B4
tt0137523,https://www.youtube.com/watch?v=BdJKm16Co6M
tt0109830,https://www.youtube.com/watch?v=bLvqoHBptjg
tt1375666,https://www.youtube.com/watch?v=Jvurpf91omw
tt0167261,https://www.youtube.com/watch?v=cvCktPUwkW0
tt0133093,https://www.youtube.com/watch?v=m8e-FF8MsqU
tt0099685,https://www.youtube.com/watch?v=2ilzidi_J8Q
tt0073486,https://www.youtube.com/watch?v=OXrcDonY-B8
tt0114369,https://www.youtube.com/watch?v=SpKbZ_3zlb0
tt0102926,https://www.youtube.com/watch?v=W6Mm8Sbe__o
tt0038650,https://www.youtube.com/watch?v=kWumEBO97l4
tt0120815,https://www.youtube.com/watch?v=RYExstiQlLc
tt0816692,https://www.youtube.com/watch?v=827FNDpQWrQ
tt0120689,https://www.youtube.com/watch?v=ctRK-4Vt7dA
tt0084472,https://www.youtube.com/watch?v=cGnTUz_4EZE
tt0253474,https://www.youtube.com/watch?v=u_jE7-6Uv7E
tt0114814,https://www.youtube.com/watch?v=oiXdPolca5w
,
,
,
,
,
,
